{
  "num_vertices": {
    "mean": 37676.4,
    "std": 41981.87664695327,
    "min": 240.0,
    "max": 109956.0,
    "median": 24978.0
  },
  "num_faces": {
    "mean": 75312.0,
    "std": 84038.69646775823,
    "min": 240.0,
    "max": 219964.0,
    "median": 50000.0
  },
  "surface_area": {
    "mean": 4.003902664254806,
    "std": 2.64839683274181,
    "min": 0.911894597958962,
    "max": 6.755426650836118,
    "median": 4.883514910150702
  },
  "volume": {
    "mean": 0.08772859384999954,
    "std": 0.062058424892616815,
    "min": 0.007544122210217308,
    "max": 0.13786577049905804,
    "median": 0.12748610415444098
  },
  "is_watertight": {
    "mean": 0.8,
    "std": 0.4472135954999579,
    "min": 0.0,
    "max": 1.0,
    "median": 1.0
  },
  "num_components": {
    "mean": 8.8,
    "std": 10.825894882179487,
    "min": 1.0,
    "max": 23.0,
    "median": 1.0
  },
  "num_nonmanifold_edges": {
    "mean": 0.0,
    "std": 0.0,
    "min": 0.0,
    "max": 0.0,
    "median": 0.0
  },
  "normal_consistency": {
    "mean": 0.956121350474486,
    "std": 0.09466367150855098,
    "min": 0.7868217054263565,
    "max": 0.9999878768040831,
    "median": 0.9992
  },
  "bbox_x": {
    "mean": 0.8003040969371795,
    "std": 0.36286731847146064,
    "min": 0.40048399567604065,
    "max": 1.219743549823761,
    "median": 0.8381247520446777
  },
  "bbox_y": {
    "mean": 0.8422895640134811,
    "std": 0.34478384900515197,
    "min": 0.45541004836559296,
    "max": 1.18717622756958,
    "median": 0.974216639995575
  },
  "bbox_z": {
    "mean": 1.5657990726457875,
    "std": 0.5681886582661831,
    "min": 0.8842410011226143,
    "max": 1.998626708984375,
    "median": 1.957092046737671
  },
  "bbox_volume": {
    "mean": 1.4458943387145602,
    "std": 1.227421139058717,
    "min": 0.16127179613676182,
    "max": 2.894112497359096,
    "median": 1.6187272403240416
  },
  "face_aspect_ratio_mean": {
    "mean": 4.018384553491765,
    "std": 2.116957135691998,
    "min": 2.602414619701998,
    "max": 7.76473128884713,
    "median": 3.2729521958094336
  },
  "face_aspect_ratio_max": {
    "mean": 4108.4944162055435,
    "std": 5444.97951780033,
    "min": 26.707947354536994,
    "max": 12703.15875876084,
    "median": 1508.494199354948
  },
  "face_area_cv": {
    "mean": 0.8255963443665311,
    "std": 0.7320887099504562,
    "min": 0.3297736105420854,
    "max": 2.05799058667885,
    "median": 0.4544574659675303
  },
  "edge_length_cv": {
    "mean": 0.4661363259776182,
    "std": 0.29170022633079246,
    "min": 0.26449372950889827,
    "max": 0.9577649272959348,
    "median": 0.3310837926499337
  },
  "load_success": {
    "mean": 1.0,
    "std": 0.0,
    "min": 1.0,
    "max": 1.0,
    "median": 1.0
  },
  "clip_score_mean": {
    "mean": 0.288946533203125,
    "std": 0.005698556115035407,
    "min": 0.282012939453125,
    "max": 0.29730224609375,
    "median": 0.2877197265625
  },
  "clip_score_std": {
    "mean": 0.007396984394889108,
    "std": 0.0020034999445393896,
    "min": 0.00528077568655508,
    "max": 0.010155156883688265,
    "median": 0.0073597364721596
  },
  "clip_score_min": {
    "mean": 0.276171875,
    "std": 0.005734447011053725,
    "min": 0.26806640625,
    "max": 0.283935546875,
    "median": 0.27685546875
  },
  "clip_score_max": {
    "mean": 0.298779296875,
    "std": 0.003740215251664559,
    "min": 0.29345703125,
    "max": 0.30224609375,
    "median": 0.299560546875
  },
  "multiview_consistency": {
    "mean": 0.94013671875,
    "std": 0.025094521174570297,
    "min": 0.90673828125,
    "max": 0.96728515625,
    "median": 0.94287109375
  },
  "image_reward_mean": {
    "mean": -0.8808619080693461,
    "std": 0.6574387989887502,
    "min": -1.94115149974823,
    "max": -0.3242344199679792,
    "median": -0.670715116430074
  },
  "image_reward_std": {
    "mean": 0.5374216994175891,
    "std": 0.06271484537612099,
    "min": 0.42794181328008396,
    "max": 0.5878945941539089,
    "median": 0.5589936100348942
  },
  "image_reward_min": {
    "mean": -1.5568506956100463,
    "std": 0.44624736914423263,
    "min": -2.2829368114471436,
    "max": -1.1852105855941772,
    "median": -1.503818154335022
  },
  "image_reward_max": {
    "mean": -0.08127373084425926,
    "std": 0.5962076370512357,
    "min": -1.0470138788223267,
    "max": 0.44000351428985596,
    "median": 0.05118175223469734
  }
}